{"cameraMode":{"drawMode":0,"name":"Shaded","section":"Shading Mode"},"sceneLighting":true,"audioPlay":false,"sceneViewState":{"m_AlwaysRefresh":false,"showFog":true,"showSkybox":true,"showFlares":true,"showImageEffects":true,"showParticleSystems":true,"showVisualEffectGraphs":true,"m_FxEnabled":true},"in2DMode":false,"pivot":{"x":615.6842041015625,"y":661.4783935546875,"z":-1057.2032470703125},"rotation":{"x":-0.05845174193382263,"y":-0.02245958521962166,"z":-0.0013153412146493793,"w":0.9980371594429016},"size":658.018310546875,"orthographic":false}